{	
	"map":{
		"layout":[ 
				[[0, 0, 0, 0, 0, 0, 0, 0],
      			 [0, 0, 0, 0, 0, 0, 0, 0],
      			 [0, 0, 0, 0, 0, 0, 0, 0],
      			 [0, 0, 0, 0, 0, 0, 0, 0],
      			 [0, 0, 2, 1, 3, 0, 0, 0],
      			 [0, 0, 0, 0, 0, 0, 0, 0],
      			 [0, 0, 0, 0, 0, 0, 0, 0],
      			 [0, 0, 0, 0, 0, 0, 0, 0]],

                [[0, 0, 0, 0, 0, 0, 0, 0],
      			 [0, 0, 0, 0, 0, 0, 0, 0],
      			 [0, 0, 0, 0, 0, 0, 0, 0],
      			 [0, 0, 0, 0, 0, 0, 0, 0],
      			 [0, 2, 1, 1, 1, 1, 3, 0],
      			 [0, 0, 0, 0, 0, 0, 0, 0],
      			 [0, 0, 0, 0, 0, 0, 0, 0],
      			 [0, 0, 0, 0, 0, 0, 0, 0]]       
        ],
		"animationSpeed":50,
		"squareType":{
				"WALL": 0,
				"OPEN": 1,
				"START": 2,
				"FINISH": 3,
				"OBSTACLE": 4,
				"STARTANDFINISH": 5
				},
		"startDirection":"EAST"
			},
	"visuals":{
		"squareSize":50,
		"avatarHeight":52,
		"avatarWidth":49,
		"sprite":"avatar.png",
		"tiles":"tiles.png",
		"marker":"goalIdle.gif",
		"goalAnimation":"goal.gif",
		"obstacleIdle":"obstacleIdle.gif",
		"obstacleAnimation":"obstacle.gif",
		"obstacleScale":1.2,
		"background":"background.png",
		"graph":false,
		"obstacleSound":[],
		"winSound":[],
		"crashSound":[]
	}
}